,fiscalDateEnding,reportedCurrency,grossProfit,totalRevenue,costOfRevenue,costofGoodsAndServicesSold,operatingIncome,sellingGeneralAndAdministrative,researchAndDevelopment,operatingExpenses,investmentIncomeNet,netInterestIncome,interestIncome,interestExpense,nonInterestIncome,otherNonOperatingIncome,depreciation,depreciationAndAmortization,incomeBeforeTax,incomeTaxExpense,interestAndDebtExpense,netIncomeFromContinuingOperations,comprehensiveIncomeNetOfTax,ebit,ebitda,netIncome
0,2024-09-30,USD,51875000000,88349000000,36474000000,36474000000,28521000000,10826000000,12447000000,23273000000,None,None,None,57000000,88349000000,70000000,3985000000,3985000000,31706000000,5405000000,54000000,26301000000,28085000000,28521000000,35745000000,26301000000
1,2024-06-30,USD,49228000000,84735000000,35507000000,35507000000,27425000000,9950000000,11860000000,21810000000,None,1023000000,1090000000,43000000,84735000000,140000000,3708000000,3708000000,27551000000,3932000000,67000000,23619000000,23446000000,27425000000,31326000000,23619000000
2,2024-03-31,USD,46662000000,80374000000,33712000000,33404000000,25472000000,9452000000,11903000000,21355000000,None,-94000000,1061000000,94000000,80468000000,255000000,3413000000,3413000000,28315000000,4653000000,94000000,23662000000,23225000000,28409000000,31822000000,23662000000
3,2023-12-31,USD,47494000000,85069000000,37575000000,37575000000,23697000000,12925000000,12113000000,26241000000,None,-69000000,1110000000,69000000,85138000000,-47000000,3316000000,1563000000,24412000000,3725000000,69000000,20687000000,23321000000,24481000000,26044000000,20687000000
4,2023-09-30,USD,43078000000,76307000000,33229000000,33229000000,21343000000,10863000000,11258000000,22223000000,None,-116000000,1066000000,116000000,76423000000,120000000,3171000000,4924000000,21197000000,1508000000,116000000,19689000000,18644000000,21313000000,27417000000,19689000000
5,2023-06-30,USD,42467000000,74383000000,31916000000,31916000000,21838000000,10262000000,10588000000,20920000000,None,-43000000,892000000,43000000,74426000000,94000000,2824000000,122085,21903000000,3535000000,43000000,18368000000,18377000000,21946000000,26120000000,18368000000
6,2023-03-31,USD,39074000000,69686000000,30612000000,30612000000,17415000000,10292000000,11468000000,24318000000,None,-80000000,797000000,80000000,69766000000,132000000,2635000000,41584,18205000000,3154000000,80000000,15051000000,16654000000,18285000000,21597000000,15051000000
7,2022-12-31,USD,38949000000,74291000000,35342000000,35342000000,18160000000,12279000000,10267000000,22546000000,None,-90000000,659000000,90000000,74381000000,104000000,None,54880,17147000000,3523000000,90000000,13624000000,14873000000,17237000000,23286000000,13624000000
8,2022-09-30,USD,38262000000,69420000000,31158000000,31158000000,17135000000,10526000000,10273000000,20799000000,None,-101000000,615000000,101000000,69521000000,143000000,None,27081,16233000000,2323000000,101000000,13910000000,10886000000,16334000000,21894000000,13910000000
9,2022-06-30,USD,39639000000,69743000000,30104000000,30104000000,19453000000,10287000000,9841000000,20128000000,None,-83000000,486000000,83000000,69826000000,259000000,None,86065,19014000000,3012000000,83000000,16002000000,14223000000,19097000000,24297000000,16002000000
10,2022-03-31,USD,38460000000,68059000000,29599000000,29599000000,20094000000,9199000000,9119000000,18318000000,None,-83000000,414000000,83000000,68142000000,-125000000,None,60459,18934000000,2498000000,83000000,16436000000,14010000000,19017000000,24309000000,16436000000
11,2021-12-31,USD,42152000000,75140000000,32988000000,32988000000,21885000000,11744000000,8708000000,20452000000,None,-117000000,378000000,117000000,-181639000000,120000000,None,71391,24402000000,3760000000,117000000,20642000000,19427000000,24519000000,25643000000,20642000000
12,2021-09-30,USD,37307000000,64928000000,27621000000,27621000000,21031000000,8772000000,7694000000,16466000000,None,-77000000,387000000,77000000,65005000000,8000000,None,54000,23064000000,4128000000,77000000,18936000000,18338000000,23141000000,24426000000,18936000000
13,2021-06-30,USD,35653000000,61880000000,26227000000,26227000000,19361000000,8617000000,7675000000,16292000000,None,-76000000,389000000,76000000,61960000000,-90000000,None,55806,21985000000,3460000000,76000000,18525000000,18718000000,22061000000,22174000000,18525000000
14,2021-03-31,USD,31211000000,55314000000,24103000000,24103000000,16437000000,7289000000,7485000000,14774000000,None,-76000000,345000000,76000000,55519000000,373000000,None,55213,21283000000,3353000000,76000000,17930000000,17294000000,21359000000,19248000000,17930000000
15,2020-12-31,USD,30038000000,56118000000,26080000000,26080000000,15651000000,8145000000,7022000000,15167000000,None,-53000000,386000000,53000000,-125497000000,-420000000,None,55131,18689000000,3462000000,53000000,15227000000,15814000000,18742000000,19292000000,15227000000
16,2020-09-30,USD,25013000000,46130000000,21117000000,21117000000,11213000000,6987000000,6856000000,13843000000,None,-48000000,460000000,48000000,46178000000,-88000000,None,52750,13359000000,2112000000,48000000,11247000000,11589000000,13407000000,14954000000,11247000000
17,2020-06-30,USD,19744000000,38297000000,18553000000,18553000000,6383000000,6486000000,6875000000,13361000000,None,-13000000,433000000,13000000,38761000000,-147000000,None,51116,8277000000,1318000000,13000000,6959000000,7760000000,8290000000,9926000000,6959000000
18,2020-03-31,USD,22177000000,41159000000,18982000000,18982000000,7977000000,7380000000,6820000000,14200000000,None,-21000000,586000000,21000000,41310000000,18000000,None,47300,7757000000,921000000,21000000,6836000000,6971000000,7778000000,11769000000,6836000000
19,2019-12-31,USD,24855000000,45569000000,21020000000,21020000000,9266000000,8567000000,7222000000,15789000000,None,-17000000,621000000,17000000,45892000000,-72000000,None,46467,10704000000,33000000,17000000,10671000000,10635000000,10721000000,13695000000,10671000000
20,2019-09-30,USD,22935000000,40503000000,17568000000,17568000000,9177000000,7200000000,6554000000,13754000000,None,-23000000,631000000,23000000,40526000000,68000000,None,44646,8628000000,1560000000,23000000,7068000000,6963000000,8651000000,13009000000,7068000000
21,2019-06-30,USD,21749000000,39045000000,17296000000,17296000000,9180000000,6255000000,6213000000,12468000000,None,-25000000,653000000,25000000,39070000000,53000000,None,40963,12147000000,2200000000,25000000,9947000000,10636000000,12172000000,12262000000,9947000000
22,2019-03-31,USD,20327000000,36339000000,16012000000,16012000000,6608000000,5993000000,6029000000,12022000000,None,-35000000,1417000000,35000000,36453000000,53000000,None,40374,8146000000,1489000000,35000000,6657000000,7213000000,8181000000,11336000000,6657000000
23,2018-12-31,USD,21358000000,39276000000,17918000000,17918000000,8221000000,7121000000,6034000000,13155000000,None,-29000000,None,29000000,40666000000,68000000,None,2580000000,10072000000,1124000000,29000000,8948000000,8318000000,10101000000,11412000000,8948000000
24,2018-09-30,USD,19459000000,33740000000,14281000000,14281000000,8625000000,5917000000,5232000000,11149000000,None,-28000000,None,28000000,34059000000,49000000,None,2355000000,10083000000,891000000,28000000,9192000000,9041000000,10111000000,11168000000,9192000000
25,2018-06-30,USD,18774000000,32657000000,13883000000,13883000000,3045000000,5782000000,5114000000,10896000000,None,-27000000,None,27000000,33145000000,49000000,None,2114000000,4215000000,1020000000,27000000,3195000000,2340000000,4242000000,10392000000,3195000000
26,2018-03-31,USD,17679000000,31146000000,13467000000,13467000000,7633000000,5639000000,5039000000,10678000000,None,-30000000,None,30000000,31122000000,212000000,None,1986000000,10543000000,1142000000,30000000,9401000000,9821000000,10573000000,9591000000,9401000000
27,2017-12-31,USD,18056000000,32323000000,14267000000,14267000000,7696000000,6086000000,4306000000,10392000000,None,-36000000,None,36000000,-20000000,43000000,None,2026000000,8018000000,11038000000,36000000,-3083000000,-3266000000,8054000000,10134000000,-3020000000
28,2017-09-30,USD,16624000000,27772000000,11148000000,11148000000,7782000000,4637000000,4205000000,8842000000,None,-27000000,None,27000000,-53000000,47000000,None,1761000000,7979000000,1247000000,27000000,6701000000,7714000000,8006000000,9896000000,6732000000
29,2017-06-30,USD,15637000000,26010000000,10373000000,10373000000,4132000000,4597000000,4172000000,8769000000,None,-21000000,None,21000000,-46000000,34000000,None,1625000000,4377000000,853000000,21000000,3511000000,3965000000,4398000000,8821000000,3524000000
30,2017-03-31,USD,14955000000,24750000000,9795000000,9795000000,6568000000,4445000000,3942000000,8387000000,None,-25000000,None,25000000,-2000000,34000000,None,1503000000,6819000000,1393000000,25000000,5377000000,5659000000,6844000000,8417000000,5426000000
31,2016-12-31,USD,15403000000,26064000000,10661000000,10661000000,6639000000,5142000000,3622000000,8764000000,None,-33000000,None,33000000,-38000000,35000000,None,1687000000,6857000000,1524000000,33000000,5542000000,3963000000,6890000000,8686000000,5333000000
32,2016-09-30,USD,13752000000,22451000000,8699000000,8699000000,5767000000,4389000000,3596000000,7985000000,None,-29000000,None,29000000,-123000000,22000000,None,1596000000,6045000000,984000000,29000000,5000000000,5180000000,6074000000,7703000000,5061000000
33,2016-06-30,USD,13370000000,21500000000,8130000000,8130000000,5968000000,4039000000,3363000000,7402000000,None,-32000000,None,32000000,-128000000,18000000,None,1490000000,6119000000,1242000000,32000000,4834000000,5020000000,6151000000,7783000000,4877000000
34,2016-03-31,USD,12609000000,20257000000,7648000000,7648000000,5342000000,3900000000,3367000000,7267000000,None,-30000000,None,30000000,-186000000,13000000,None,1371000000,5129000000,922000000,30000000,4102000000,4787000000,5159000000,6996000000,4207000000
35,2015-12-31,USD,13141000000,21329000000,8188000000,8188000000,5380000000,4251000000,3510000000,7761000000,None,-26000000,None,26000000,-161000000,35000000,None,1404000000,5200000000,277000000,26000000,4923000000,4641000000,5226000000,7093000000,4923000000
36,2015-09-30,USD,11638000000,18675000000,7037000000,7037000000,4708000000,3700000000,3230000000,6930000000,None,-26000000,None,26000000,-100000000,49000000,None,1248000000,4891000000,912000000,26000000,3979000000,3316000000,4917000000,5956000000,3979000000
37,2015-06-30,USD,11144000000,17727000000,6583000000,6583000000,4825000000,1450000000,2789000000,6319000000,None,None,None,26000000,None,33000000,None,1234000000,4956000000,1025000000,None,3409000000,3373000000,4982000000,6059000000,3931000000
38,2015-03-31,USD,10902000000,17258000000,6356000000,6356000000,4447000000,1637000000,2753000000,6455000000,None,None,None,26000000,None,35000000,None,1177000000,4604000000,1089000000,None,3515000000,3117000000,4630000000,5624000000,3515000000
39,2014-12-31,USD,11182000000,18103000000,6921000000,6921000000,4399000000,1593000000,2813000000,6783000000,None,None,None,25000000,None,51000000,None,1267000000,5494000000,819000000,None,3708000000,4784000000,5519000000,5666000000,4675000000
40,2014-09-30,USD,9828000000,16523000000,6695000000,6695000000,3724000000,1365000000,2655000000,6104000000,None,None,None,25000000,None,26000000,None,1547000000,3672000000,933000000,None,2924000000,2155000000,3697000000,5271000000,2739000000
